{
  "check_balance": {
    "precision": 0.575,
    "recall": 0.9787234042553191,
    "f1-score": 0.7244094488188976,
    "support": 47,
    "confused_with": {
      "search_transactions": 1
    }
  },
  "deny": {
    "precision": 0.0,
    "recall": 0.0,
    "f1-score": 0.0,
    "support": 10,
    "confused_with": {
      "inform": 8,
      "greet": 1,
      "check_earnings": 1
    }
  },
  "greet": {
    "precision": 0.5925925925925926,
    "recall": 0.8,
    "f1-score": 0.6808510638297872,
    "support": 20,
    "confused_with": {
      "inform": 4
    }
  },
  "inform": {
    "precision": 0.5432098765432098,
    "recall": 0.5641025641025641,
    "f1-score": 0.5534591194968553,
    "support": 78,
    "confused_with": {
      "check_balance": 14,
      "help": 8
    }
  },
  "help": {
    "precision": 0.16666666666666666,
    "recall": 0.3,
    "f1-score": 0.21428571428571427,
    "support": 10,
    "confused_with": {
      "check_balance": 4,
      "inform": 1
    }
  },
  "human_handoff": {
    "precision": 0.5,
    "recall": 0.1111111111111111,
    "f1-score": 0.1818181818181818,
    "support": 9,
    "confused_with": {
      "search_transactions": 3,
      "pay_cc": 1,
      "inform": 1
    }
  },
  "thankyou": {
    "precision": 0.8888888888888888,
    "recall": 0.7272727272727273,
    "f1-score": 0.7999999999999999,
    "support": 11,
    "confused_with": {
      "inform": 2,
      "help": 1
    }
  },
  "affirm": {
    "precision": 0.0,
    "recall": 0.0,
    "f1-score": 0.0,
    "support": 15,
    "confused_with": {
      "inform": 11,
      "greet": 3,
      "thankyou": 1
    }
  },
  "search_transactions": {
    "precision": 0.5135135135135135,
    "recall": 0.8260869565217391,
    "f1-score": 0.6333333333333333,
    "support": 23,
    "confused_with": {
      "check_balance": 3,
      "transfer_money": 1
    }
  },
  "transfer_money": {
    "precision": 0.5476190476190477,
    "recall": 0.6388888888888888,
    "f1-score": 0.5897435897435898,
    "support": 36,
    "confused_with": {
      "search_transactions": 9,
      "inform": 2
    }
  },
  "check_earnings": {
    "precision": 0.75,
    "recall": 0.46153846153846156,
    "f1-score": 0.5714285714285714,
    "support": 13,
    "confused_with": {
      "check_balance": 6,
      "search_transactions": 1
    }
  },
  "ask_transfer_charge": {
    "precision": 1.0,
    "recall": 0.1111111111111111,
    "f1-score": 0.19999999999999998,
    "support": 9,
    "confused_with": {
      "transfer_money": 4,
      "search_transactions": 1,
      "human_handoff": 1
    }
  },
  "check_recipients": {
    "precision": 1.0,
    "recall": 0.46153846153846156,
    "f1-score": 0.631578947368421,
    "support": 13,
    "confused_with": {
      "transfer_money": 3,
      "search_transactions": 2
    }
  },
  "goodbye": {
    "precision": 0.0,
    "recall": 0.0,
    "f1-score": 0.0,
    "support": 10,
    "confused_with": {
      "inform": 6,
      "greet": 2,
      "search_transactions": 1
    }
  },
  "pay_cc": {
    "precision": 0.7727272727272727,
    "recall": 0.5151515151515151,
    "f1-score": 0.6181818181818182,
    "support": 33,
    "confused_with": {
      "check_balance": 6,
      "transfer_money": 5
    }
  },
  "accuracy": 0.5637982195845698,
  "macro avg": {
    "precision": 0.5233478572367462,
    "recall": 0.43303501343279327,
    "f1-score": 0.4266059858870113,
    "support": 337
  },
  "weighted avg": {
    "precision": 0.5518301578390599,
    "recall": 0.5637982195845698,
    "f1-score": 0.525370418732511,
    "support": 337
  }
}